{"cameraMode":{"drawMode":0,"name":"Shaded","section":"Shading Mode"},"sceneLighting":true,"audioPlay":false,"sceneViewState":{"showFog":true,"showMaterialUpdate":false,"showSkybox":true,"showFlares":true,"showImageEffects":true,"showParticleSystems":true},"in2DMode":false,"pivot":{"x":0.30500006675720217,"y":0.1950000524520874,"z":-0.02500009536743164},"rotation":{"x":-0.020107615739107133,"y":-0.005100882612168789,"z":0.0000842472436488606,"w":-0.9998303651809692},"size":22.0,"orthographic":false}