{"cameraMode":{"drawMode":0,"name":"Shaded","section":"Shading Mode"},"sceneLighting":true,"audioPlay":false,"sceneViewState":{"showFog":true,"showMaterialUpdate":false,"showSkybox":true,"showFlares":true,"showImageEffects":true,"showParticleSystems":true},"in2DMode":false,"pivot":{"x":375.34942626953127,"y":100.20135498046875,"z":0.17255115509033204},"rotation":{"x":-0.020107615739107133,"y":-0.005100882612168789,"z":0.0000842472436488606,"w":-0.9998303651809692},"size":506.6650085449219,"orthographic":false}